Assessment Name,Assessment URL,Remote Testing Support,Adaptive/IRT Support,Test Type,Test Type Keys
Account Manager Solution,https://www.shl.com/products/product-catalog/view/account-manager-solution/,Yes,Yes,"C, Personality & Behavior, Ability, Behavior","['C', 'P', 'A', 'B']"
Administrative Professional - Short Form,https://www.shl.com/products/product-catalog/view/administrative-professional-short-form/,Yes,Yes,"Ability, Knowledge & Skills, Personality & Behavior","['A', 'K', 'P']"
Agency Manager Solution,https://www.shl.com/products/product-catalog/view/agency-manager-solution/,Yes,Yes,"Ability, Behavior, Personality & Behavior, Simulations","['A', 'B', 'P', 'S']"
Apprentice + 8.0 Job Focused Assessment,https://www.shl.com/products/product-catalog/view/apprentice-8-0-job-focused-assessment-4261/,Yes,No,"Behavior, Personality & Behavior","['B', 'P']"
Apprentice 8.0 Job Focused Assessment,https://www.shl.com/products/product-catalog/view/apprentice-8-0-job-focused-assessment/,Yes,No,"Behavior, Personality & Behavior","['B', 'P']"
Bank Administrative Assistant - Short Form,https://www.shl.com/products/product-catalog/view/bank-administrative-assistant-short-form/,Yes,No,"Ability, Behavior, Knowledge & Skills, Personality & Behavior","['A', 'B', 'K', 'P']"
Bank Collections Agent - Short Form,https://www.shl.com/products/product-catalog/view/bank-collections-agent-short-form/,Yes,No,"Ability, Behavior, Personality & Behavior","['A', 'B', 'P']"
Bank Operations Supervisor - Short Form,https://www.shl.com/products/product-catalog/view/bank-operations-supervisor-short-form/,Yes,Yes,"Ability, Behavior, Personality & Behavior, Simulations","['A', 'B', 'P', 'S']"
Bilingual Spanish Reservation Agent Solution,https://www.shl.com/products/product-catalog/view/bilingual-spanish-reservation-agent-solution/,Yes,Yes,"Behavior, Personality & Behavior, Simulations, Ability","['B', 'P', 'S', 'A']"
"Bookkeeping, Accounting, Auditing Clerk Short Form",https://www.shl.com/products/product-catalog/view/bookkeeping-accounting-auditing-clerk-short-form/,Yes,Yes,"Personality & Behavior, Simulations, Knowledge & Skills, Behavior, Ability","['P', 'S', 'K', 'B', 'A']"
Branch Manager - Short Form,https://www.shl.com/products/product-catalog/view/branch-manager-short-form/,Yes,No,"Ability, Behavior, Personality & Behavior","['A', 'B', 'P']"
Cashier Solution,https://www.shl.com/products/product-catalog/view/cashier-solution/,Yes,Yes,"Behavior, Ability, Personality & Behavior","['B', 'A', 'P']"
Global Skills Development Report,https://www.shl.com/products/product-catalog/view/global-skills-development-report/,Yes,No,"Ability, E, Behavior, C, D, Personality & Behavior","['A', 'E', 'B', 'C', 'D', 'P']"
.NET Framework 4.5,https://www.shl.com/products/product-catalog/view/net-framework-4-5/,Yes,Yes,Knowledge & Skills,['K']
.NET MVC (New),https://www.shl.com/products/product-catalog/view/net-mvc-new/,Yes,No,Knowledge & Skills,['K']
.NET MVVM (New),https://www.shl.com/products/product-catalog/view/net-mvvm-new/,Yes,No,Knowledge & Skills,['K']
.NET WCF (New),https://www.shl.com/products/product-catalog/view/net-wcf-new/,Yes,No,Knowledge & Skills,['K']
.NET WPF (New),https://www.shl.com/products/product-catalog/view/net-wpf-new/,Yes,No,Knowledge & Skills,['K']
.NET XAML (New),https://www.shl.com/products/product-catalog/view/net-xaml-new/,Yes,No,Knowledge & Skills,['K']
Accounts Payable (New),https://www.shl.com/products/product-catalog/view/accounts-payable-new/,Yes,No,Knowledge & Skills,['K']
Accounts Payable Simulation (New),https://www.shl.com/products/product-catalog/view/accounts-payable-simulation-new/,Yes,No,Simulations,['S']
Accounts Receivable (New),https://www.shl.com/products/product-catalog/view/accounts-receivable-new/,Yes,No,Knowledge & Skills,['K']
Accounts Receivable Simulation (New),https://www.shl.com/products/product-catalog/view/accounts-receivable-simulation-new/,Yes,No,Simulations,['S']
ADO.NET (New),https://www.shl.com/products/product-catalog/view/ado-net-new/,Yes,No,Knowledge & Skills,['K']
Adobe Experience Manager (New),https://www.shl.com/products/product-catalog/view/adobe-experience-manager-new/,Yes,No,Knowledge & Skills,['K']
Adobe Photoshop CC,https://www.shl.com/products/product-catalog/view/adobe-photoshop-cc/,Yes,Yes,Knowledge & Skills,['K']
Aeronautical Engineering (New),https://www.shl.com/products/product-catalog/view/aeronautical-engineering-new/,Yes,No,Knowledge & Skills,['K']
Aerospace Engineering (New),https://www.shl.com/products/product-catalog/view/aerospace-engineering-new/,Yes,No,Knowledge & Skills,['K']
Agile Software Development,https://www.shl.com/products/product-catalog/view/agile-software-development/,Yes,No,Knowledge & Skills,['K']
Agile Testing (New),https://www.shl.com/products/product-catalog/view/agile-testing-new/,Yes,No,Knowledge & Skills,['K']
AI Skills,https://www.shl.com/products/product-catalog/view/ai-skills/,Yes,No,Personality & Behavior,['P']
Amazon Web Services (AWS) Development (New),https://www.shl.com/products/product-catalog/view/amazon-web-services-aws-development-new/,Yes,No,Knowledge & Skills,['K']
Android Development (New),https://www.shl.com/products/product-catalog/view/android-development-new/,Yes,No,Knowledge & Skills,['K']
Angular 6 (New),https://www.shl.com/products/product-catalog/view/angular-6-new/,Yes,No,Knowledge & Skills,['K']
AngularJS (New),https://www.shl.com/products/product-catalog/view/angularjs-new/,Yes,No,Knowledge & Skills,['K']
Apache Hadoop (New),https://www.shl.com/products/product-catalog/view/apache-hadoop-new/,Yes,No,Knowledge & Skills,['K']
Apache Hadoop Extensions (New),https://www.shl.com/products/product-catalog/view/apache-hadoop-extensions-new/,Yes,No,Knowledge & Skills,['K']
Apache HBase (New),https://www.shl.com/products/product-catalog/view/apache-hbase-new/,Yes,No,Knowledge & Skills,['K']
Apache Hive (New),https://www.shl.com/products/product-catalog/view/apache-hive-new/,Yes,No,Knowledge & Skills,['K']
Apache Kafka (New),https://www.shl.com/products/product-catalog/view/apache-kafka-new/,Yes,No,Knowledge & Skills,['K']
Apache Pig (New),https://www.shl.com/products/product-catalog/view/apache-pig-new/,Yes,No,Knowledge & Skills,['K']
Apache Spark (New),https://www.shl.com/products/product-catalog/view/apache-spark-new/,Yes,No,Knowledge & Skills,['K']
ASP .NET with C# (New),https://www.shl.com/products/product-catalog/view/asp-net-with-c-new/,Yes,No,Knowledge & Skills,['K']
ASP.NET 4.5,https://www.shl.com/products/product-catalog/view/asp-net-4-5/,Yes,Yes,Knowledge & Skills,['K']
Assessment and Development Center Exercises,https://www.shl.com/products/product-catalog/view/assessment-and-development-center-exercises/,Yes,No,E,['E']
Automata - Fix (New),https://www.shl.com/products/product-catalog/view/automata-fix-new/,Yes,No,Simulations,['S']
Automata - SQL (New),https://www.shl.com/products/product-catalog/view/automata-sql-new/,Yes,No,Simulations,['S']
Automata (New),https://www.shl.com/products/product-catalog/view/automata-new/,Yes,No,Simulations,['S']
Automata Data Science (New),https://www.shl.com/products/product-catalog/view/automata-data-science-new/,Yes,No,Simulations,['S']
Automata Data Science Pro (New),https://www.shl.com/products/product-catalog/view/automata-data-science-pro-new/,Yes,No,Simulations,['S']
Automata Front End,https://www.shl.com/products/product-catalog/view/automata-front-end/,Yes,No,Simulations,['S']
Automata Pro (New),https://www.shl.com/products/product-catalog/view/automata-pro-new/,Yes,No,Simulations,['S']
Automata Selenium,https://www.shl.com/products/product-catalog/view/automata-selenium/,Yes,No,Simulations,['S']
Automation Anywhere RPA Development (New),https://www.shl.com/products/product-catalog/view/automation-anywhere-rpa-development-new/,Yes,No,Knowledge & Skills,['K']
Automotive Engineering (New),https://www.shl.com/products/product-catalog/view/automotive-engineering-new/,Yes,No,Knowledge & Skills,['K']
Basic Biology (New),https://www.shl.com/products/product-catalog/view/basic-biology-new/,Yes,No,Knowledge & Skills,['K']
Basic Computer Literacy (Windows 10) (New),https://www.shl.com/products/product-catalog/view/basic-computer-literacy-windows-10-new/,Yes,No,"Simulations, Knowledge & Skills","['S', 'K']"
Basic Statistics (New),https://www.shl.com/products/product-catalog/view/basic-statistics-new/,Yes,No,Knowledge & Skills,['K']
Biochemistry (New),https://www.shl.com/products/product-catalog/view/biochemistry-new/,Yes,No,Knowledge & Skills,['K']
Biotech Lab Techniques (New),https://www.shl.com/products/product-catalog/view/biotech-lab-techniques-new/,Yes,No,Knowledge & Skills,['K']
BizTalk (New),https://www.shl.com/products/product-catalog/view/biztalk-new/,Yes,No,Knowledge & Skills,['K']
Business Communication (adaptive),https://www.shl.com/products/product-catalog/view/business-communication-adaptive/,Yes,Yes,Knowledge & Skills,['K']
Business Communications,https://www.shl.com/products/product-catalog/view/business-communications/,Yes,No,Knowledge & Skills,['K']
C Programming (New),https://www.shl.com/products/product-catalog/view/c-programming-new/,Yes,No,Knowledge & Skills,['K']
C# Programming (New),https://www.shl.com/products/product-catalog/view/c-programming-new-4039/,Yes,No,Knowledge & Skills,['K']
C++ Programming (New),https://www.shl.com/products/product-catalog/view/c-programming-new-4122/,Yes,No,Knowledge & Skills,['K']
Cardiology and Diabetes Management (New),https://www.shl.com/products/product-catalog/view/cardiology-and-diabetes-management-new/,Yes,No,Knowledge & Skills,['K']
Ceramic Engineering (New),https://www.shl.com/products/product-catalog/view/ceramic-engineering-new/,Yes,No,Knowledge & Skills,['K']
Chemical Engineering (New),https://www.shl.com/products/product-catalog/view/chemical-engineering-new/,Yes,No,Knowledge & Skills,['K']
Cisco AppDynamics (New),https://www.shl.com/products/product-catalog/view/cisco-appdynamics-new/,Yes,No,Knowledge & Skills,['K']
Civil Engineering (New),https://www.shl.com/products/product-catalog/view/civil-engineering-new/,Yes,No,Knowledge & Skills,['K']
Cloud Computing (New),https://www.shl.com/products/product-catalog/view/cloud-computing-new/,Yes,No,Knowledge & Skills,['K']
COBOL Programming (New),https://www.shl.com/products/product-catalog/view/cobol-programming-new/,Yes,No,Knowledge & Skills,['K']
Computer Science (New),https://www.shl.com/products/product-catalog/view/computer-science-new/,Yes,No,Knowledge & Skills,['K']
Contact Center Call Simulation (New),https://www.shl.com/products/product-catalog/view/contact-center-call-simulation-new/,Yes,No,Simulations,['S']
Conversational Multichat Simulation,https://www.shl.com/products/product-catalog/view/conversational-multichat-simulation/,Yes,No,Simulations,['S']
Core Java (Advanced Level) (New),https://www.shl.com/products/product-catalog/view/core-java-advanced-level-new/,Yes,No,Knowledge & Skills,['K']
Core Java (Entry Level) (New),https://www.shl.com/products/product-catalog/view/core-java-entry-level-new/,Yes,No,Knowledge & Skills,['K']
Count Out The Money,https://www.shl.com/products/product-catalog/view/count-out-the-money/,Yes,Yes,"Knowledge & Skills, Simulations","['K', 'S']"
CSS3 (New),https://www.shl.com/products/product-catalog/view/css3-new/,Yes,No,Knowledge & Skills,['K']
Culinary Skills (New),https://www.shl.com/products/product-catalog/view/culinary-skills-new/,Yes,No,Knowledge & Skills,['K']
Customer Service Phone Simulation,https://www.shl.com/products/product-catalog/view/customer-service-phone-simulation/,Yes,No,"Behavior, Simulations","['B', 'S']"
Customer Service Phone Solution,https://www.shl.com/products/product-catalog/view/customer-service-phone-solution/,Yes,No,"Behavior, Personality & Behavior, Simulations","['B', 'P', 'S']"
Cyber Risk (New),https://www.shl.com/products/product-catalog/view/cyber-risk-new/,Yes,No,Knowledge & Skills,['K']
Data Entry (New),https://www.shl.com/products/product-catalog/view/data-entry-new/,Yes,No,Simulations,['S']
Data Entry Alphanumeric Split Screen - US,https://www.shl.com/products/product-catalog/view/data-entry-alphanumeric-split-screen-us/,Yes,No,Knowledge & Skills,['K']
Data Entry Numeric Split Screen - US,https://www.shl.com/products/product-catalog/view/data-entry-numeric-split-screen-us/,Yes,No,Knowledge & Skills,['K']
Data Entry Ten Key Split Screen,https://www.shl.com/products/product-catalog/view/data-entry-ten-key-split-screen/,Yes,No,Knowledge & Skills,['K']
Data Science (New),https://www.shl.com/products/product-catalog/view/data-science-new/,Yes,No,Knowledge & Skills,['K']
Data Warehousing Concepts,https://www.shl.com/products/product-catalog/view/data-warehousing-concepts/,Yes,Yes,Knowledge & Skills,['K']
Dependability and Safety Instrument (DSI),https://www.shl.com/products/product-catalog/view/dependability-and-safety-instrument-dsi/,Yes,No,Personality & Behavior,['P']
Dermatology (New),https://www.shl.com/products/product-catalog/view/dermatology-new/,Yes,No,Knowledge & Skills,['K']
Desktop Support (New),https://www.shl.com/products/product-catalog/view/desktop-support-new/,Yes,No,Knowledge & Skills,['K']
Digital Advertising (New),https://www.shl.com/products/product-catalog/view/digital-advertising-new/,Yes,No,Knowledge & Skills,['K']
Digital Readiness Development Report - IC,https://www.shl.com/products/product-catalog/view/digital-readiness-development-report/,Yes,No,Personality & Behavior,['P']
Digital Readiness Development Report - Manager,https://www.shl.com/products/product-catalog/view/digital-readiness-development-report-manager/,Yes,No,Personality & Behavior,['P']
Docker (New),https://www.shl.com/products/product-catalog/view/docker-new/,Yes,No,Knowledge & Skills,['K']
Dojo (New),https://www.shl.com/products/product-catalog/view/dojo-new/,Yes,No,Knowledge & Skills,['K']
Drupal (New),https://www.shl.com/products/product-catalog/view/drupal-new/,Yes,No,Knowledge & Skills,['K']
DSI v1.1 Interpretation Report,https://www.shl.com/products/product-catalog/view/dsi-v1-1-interpretation-report/,Yes,No,Personality & Behavior,['P']
Econometrics (New),https://www.shl.com/products/product-catalog/view/econometrics-new/,Yes,No,Knowledge & Skills,['K']
Economics (New),https://www.shl.com/products/product-catalog/view/economics-new/,Yes,No,Knowledge & Skills,['K']
Electrical and Electronics Engineering (New),https://www.shl.com/products/product-catalog/view/electrical-and-electronics-engineering-new/,Yes,No,Knowledge & Skills,['K']
Electrical Engineering (New),https://www.shl.com/products/product-catalog/view/electrical-engineering-new/,Yes,No,Knowledge & Skills,['K']
Electronics & Telecommunications Engineering (New),https://www.shl.com/products/product-catalog/view/electronics-and-telecommunications-engineering-new/,Yes,No,Knowledge & Skills,['K']
Electronics and Embedded Systems Engineering (New),https://www.shl.com/products/product-catalog/view/electronics-and-embedded-systems-engineering-new/,Yes,No,Knowledge & Skills,['K']
Electronics and Semiconductor Engineering (New),https://www.shl.com/products/product-catalog/view/electronics-and-semiconductor-engineering-new/,Yes,No,Knowledge & Skills,['K']
English Comprehension (New),https://www.shl.com/products/product-catalog/view/english-comprehension-new/,Yes,No,Knowledge & Skills,['K']
Enterprise Java Beans (New),https://www.shl.com/products/product-catalog/view/enterprise-java-beans-new/,Yes,No,Knowledge & Skills,['K']
Enterprise Leadership Report 1.0,https://www.shl.com/products/product-catalog/view/enterprise-leadership-report/,Yes,No,Personality & Behavior,['P']
Enterprise Leadership Report 2.0,https://www.shl.com/products/product-catalog/view/enterprise-leadership-report-2-0/,Yes,No,Personality & Behavior,['P']
Entry Level Cashier Solution,https://www.shl.com/products/product-catalog/view/entry-level-cashier-solution/,Yes,No,"C, Personality & Behavior","['C', 'P']"
Entry Level Customer Serv-Retail & Contact Center,https://www.shl.com/products/product-catalog/view/entry-level-customer-serv-retail-and-contact-center/,Yes,No,"Personality & Behavior, C","['P', 'C']"
Entry Level Customer Service (General) Solution,https://www.shl.com/products/product-catalog/view/entry-level-customer-service-general-solution/,Yes,No,"C, Personality & Behavior","['C', 'P']"
Entry Level Hotel Front Desk Solution,https://www.shl.com/products/product-catalog/view/entry-level-hotel-front-desk-solution/,Yes,No,"C, Personality & Behavior","['C', 'P']"
Entry Level Sales Solution,https://www.shl.com/products/product-catalog/view/entry-level-sales-solution/,Yes,No,"C, Personality & Behavior","['C', 'P']"
Entry Level Technical Support Solution,https://www.shl.com/products/product-catalog/view/entry-level-technical-support-solution/,Yes,No,"Personality & Behavior, C","['P', 'C']"
ETL Testing (New),https://www.shl.com/products/product-catalog/view/etl-testing-new/,Yes,No,Knowledge & Skills,['K']
Executive Scenarios,https://www.shl.com/products/product-catalog/view/executive-scenarios/,Yes,No,Behavior,['B']
Executive Scenarios Narrative Report,https://www.shl.com/products/product-catalog/view/executive-scenarios-narrative-report/,Yes,No,Behavior,['B']
Executive Scenarios Profile Report,https://www.shl.com/products/product-catalog/view/executive-scenarios-profile-report/,Yes,No,Behavior,['B']
ExpressJS (New),https://www.shl.com/products/product-catalog/view/expressjs-new/,Yes,No,Knowledge & Skills,['K']
Filing - Names (R1),https://www.shl.com/products/product-catalog/view/filing-names-r1/,Yes,No,Knowledge & Skills,['K']
Filing - Numbers,https://www.shl.com/products/product-catalog/view/filing-numbers/,Yes,No,Knowledge & Skills,['K']
Financial Accounting (New),https://www.shl.com/products/product-catalog/view/financial-accounting-new/,Yes,No,Knowledge & Skills,['K']
Financial and Banking Services (New),https://www.shl.com/products/product-catalog/view/financial-and-banking-services-new/,Yes,No,Knowledge & Skills,['K']
Fire Engineering (New),https://www.shl.com/products/product-catalog/view/fire-engineering-new/,Yes,No,Knowledge & Skills,['K']
Following Instructions v1 - UK (R1),https://www.shl.com/products/product-catalog/view/following-instructions-v1-uk-r1/,Yes,No,Knowledge & Skills,['K']
Following Instructions v1 - US (R2),https://www.shl.com/products/product-catalog/view/following-instructions-v1-us-r2/,Yes,No,Knowledge & Skills,['K']
Food and Beverage Services (New),https://www.shl.com/products/product-catalog/view/food-and-beverage-services-new/,Yes,No,Knowledge & Skills,['K']
Food Science (New),https://www.shl.com/products/product-catalog/view/food-science-new/,Yes,No,Knowledge & Skills,['K']
Front Office Management (New),https://www.shl.com/products/product-catalog/view/front-office-management-new/,Yes,No,Knowledge & Skills,['K']
Fundamentals of Chemistry (New),https://www.shl.com/products/product-catalog/view/fundamentals-of-chemistry-new/,Yes,No,Knowledge & Skills,['K']
Fundamentals of Physics (New),https://www.shl.com/products/product-catalog/view/fundamentals-of-physics-new/,Yes,No,Knowledge & Skills,['K']
General Diseases (New),https://www.shl.com/products/product-catalog/view/general-diseases-new/,Yes,No,Knowledge & Skills,['K']
Geoinformatics Engineering (New),https://www.shl.com/products/product-catalog/view/geoinformatics-engineering-new/,Yes,No,Knowledge & Skills,['K']
Geoscience Engineering (New),https://www.shl.com/products/product-catalog/view/geoscience-engineering-new/,Yes,No,Knowledge & Skills,['K']
GIT (New),https://www.shl.com/products/product-catalog/view/git-new/,Yes,No,Knowledge & Skills,['K']
Global Skills Assessment,https://www.shl.com/products/product-catalog/view/global-skills-assessment/,Yes,No,"C, Knowledge & Skills","['C', 'K']"
Graduate Scenarios,https://www.shl.com/products/product-catalog/view/graduate-scenarios/,Yes,No,Behavior,['B']
Graduate Scenarios Narrative Report,https://www.shl.com/products/product-catalog/view/graduate-scenarios-narrative-report/,Yes,No,Behavior,['B']
Graduate Scenarios Profile Report,https://www.shl.com/products/product-catalog/view/graduate-scenarios-profile-report/,Yes,No,Behavior,['B']
Hibernate (New),https://www.shl.com/products/product-catalog/view/hibernate-new/,Yes,No,Knowledge & Skills,['K']
HIPAA (Security),https://www.shl.com/products/product-catalog/view/hipaa-security/,Yes,Yes,Knowledge & Skills,['K']
HiPo Assessment Report 1.0,https://www.shl.com/products/product-catalog/view/hipo-assessment-report-1-0/,Yes,No,"C, Personality & Behavior","['C', 'P']"
HiPo Assessment Report 2.0,https://www.shl.com/products/product-catalog/view/hipo-assessment-report-2-0/,Yes,No,"C, Personality & Behavior","['C', 'P']"
HiPo Unlocking Potential Report 2.0,https://www.shl.com/products/product-catalog/view/hipo-unlocking-potential-report-2-0/,Yes,No,C,['C']
Housekeeping (New),https://www.shl.com/products/product-catalog/view/housekeeping-new/,Yes,No,Knowledge & Skills,['K']
HTML/CSS (New),https://www.shl.com/products/product-catalog/view/htmlcss-new/,Yes,No,Knowledge & Skills,['K']
HTML5 (New),https://www.shl.com/products/product-catalog/view/html5-new/,Yes,No,Knowledge & Skills,['K']
Human Resources (New),https://www.shl.com/products/product-catalog/view/human-resources-new/,Yes,No,Knowledge & Skills,['K']
IBM DataStage (New),https://www.shl.com/products/product-catalog/view/ibm-datastage-new/,Yes,No,Knowledge & Skills,['K']
IBM Sterling Order Management System (New),https://www.shl.com/products/product-catalog/view/ibm-sterling-order-management-system-new/,Yes,No,Knowledge & Skills,['K']
Industrial Engineering (New),https://www.shl.com/products/product-catalog/view/industrial-engineering-new/,Yes,No,Knowledge & Skills,['K']
Informatica (Architecture) (New),https://www.shl.com/products/product-catalog/view/informatica-architecture-new/,Yes,No,Knowledge & Skills,['K']
Informatica (Developer) (New),https://www.shl.com/products/product-catalog/view/informatica-developer-new/,Yes,No,Knowledge & Skills,['K']
Instrumentation Engineering (New),https://www.shl.com/products/product-catalog/view/instrumentation-engineering-new/,Yes,No,Knowledge & Skills,['K']
Interpersonal Communications,https://www.shl.com/products/product-catalog/view/interpersonal-communications/,Yes,Yes,Knowledge & Skills,['K']
Interviewing and Hiring Concepts (U.S.),https://www.shl.com/products/product-catalog/view/interviewing-and-hiring-concepts-u-s/,Yes,Yes,Knowledge & Skills,['K']
iOS Development (New),https://www.shl.com/products/product-catalog/view/ios-development-new/,Yes,No,Knowledge & Skills,['K']
ITIL (IT Infrastructure Library) (New),https://www.shl.com/products/product-catalog/view/itil-it-infrastructure-library-new/,Yes,No,Knowledge & Skills,['K']
Java 2 Platform Enterprise Edition 1.4 Fundamental,https://www.shl.com/products/product-catalog/view/java-2-platform-enterprise-edition-1-4-fundamental/,Yes,Yes,Knowledge & Skills,['K']
Java 8 (New),https://www.shl.com/products/product-catalog/view/java-8-new/,Yes,No,Knowledge & Skills,['K']
Java Design Patterns (New),https://www.shl.com/products/product-catalog/view/java-design-patterns-new/,Yes,No,Knowledge & Skills,['K']
Java Frameworks (New),https://www.shl.com/products/product-catalog/view/java-frameworks-new/,Yes,No,Knowledge & Skills,['K']
Java Platform Enterprise Edition 7 (Java EE 7),https://www.shl.com/products/product-catalog/view/java-platform-enterprise-edition-7-java-ee-7/,Yes,Yes,Knowledge & Skills,['K']
Java Web Services (New),https://www.shl.com/products/product-catalog/view/java-web-services-new/,Yes,No,Knowledge & Skills,['K']
JavaScript (New),https://www.shl.com/products/product-catalog/view/javascript-new/,Yes,No,Knowledge & Skills,['K']
Jenkins (New),https://www.shl.com/products/product-catalog/view/jenkins-new/,Yes,No,Knowledge & Skills,['K']
Job Control Language (New),https://www.shl.com/products/product-catalog/view/job-control-language-new/,Yes,No,Knowledge & Skills,['K']
jQuery (New),https://www.shl.com/products/product-catalog/view/jquery-new/,Yes,No,Knowledge & Skills,['K']
Kubernetes (New),https://www.shl.com/products/product-catalog/view/kubernetes-new/,Yes,No,Knowledge & Skills,['K']
Linux Administration (New),https://www.shl.com/products/product-catalog/view/linux-administration-new/,Yes,No,Knowledge & Skills,['K']
Linux Operating System,https://www.shl.com/products/product-catalog/view/linux-operating-system/,Yes,No,Knowledge & Skills,['K']
Linux Programming (General),https://www.shl.com/products/product-catalog/view/linux-programming-general/,Yes,Yes,Knowledge & Skills,['K']
Load Runner (New),https://www.shl.com/products/product-catalog/view/load-runner-new/,Yes,No,Knowledge & Skills,['K']
Management Scenarios,https://www.shl.com/products/product-catalog/view/management-scenarios/,Yes,No,Behavior,['B']
Managerial Scenarios Candidate Report,https://www.shl.com/products/product-catalog/view/managerial-scenarios-candidate-report/,Yes,No,Behavior,['B']
Managerial Scenarios Narrative Report,https://www.shl.com/products/product-catalog/view/managerial-scenarios-narrative-report/,Yes,No,Behavior,['B']
Managerial Scenarios Profile Report,https://www.shl.com/products/product-catalog/view/managerial-scenarios-profile-report/,Yes,No,Behavior,['B']
Manual Testing (New),https://www.shl.com/products/product-catalog/view/manual-testing-new/,Yes,No,Knowledge & Skills,['K']
Manufac. & Indust. - Mechanical & Vigilance 8.0,https://www.shl.com/products/product-catalog/view/mechanical-and-vigilance-focus-8-0/,Yes,No,"Ability, Personality & Behavior","['A', 'P']"
Manufac. & Indust. - Safety & Dependability 8.0,https://www.shl.com/products/product-catalog/view/safety-and-dependability-focus-8-0/,Yes,No,Personality & Behavior,['P']
Manufacturing & Industrial - Essential Focus 8.0,https://www.shl.com/products/product-catalog/view/essential-focus-8-0/,Yes,No,Personality & Behavior,['P']
Manufacturing & Industrial - Mechanical Focus 8.0,https://www.shl.com/products/product-catalog/view/mechanical-focus-8-0/,Yes,No,"Ability, Personality & Behavior","['A', 'P']"
Manufacturing & Industrial - Vigilance Focus 8.0,https://www.shl.com/products/product-catalog/view/vigilance-focus-8-0/,Yes,No,"Ability, Personality & Behavior","['A', 'P']"
Marketing (New),https://www.shl.com/products/product-catalog/view/marketing-new/,Yes,No,Knowledge & Skills,['K']
Maven (New),https://www.shl.com/products/product-catalog/view/maven-new/,Yes,No,Knowledge & Skills,['K']
Mechanical Engineering (New),https://www.shl.com/products/product-catalog/view/mechanical-engineering-new/,Yes,No,Knowledge & Skills,['K']
Mechatronics Engineering (New),https://www.shl.com/products/product-catalog/view/mechatronics-engineering-new/,Yes,No,Knowledge & Skills,['K']
Medical Terminology (New),https://www.shl.com/products/product-catalog/view/medical-terminology-new/,Yes,No,Knowledge & Skills,['K']
Metallurgical Engineering (New),https://www.shl.com/products/product-catalog/view/metallurgical-engineering-new/,Yes,No,Knowledge & Skills,['K']
MFS 360 Enterprise Leadership Report,https://www.shl.com/products/product-catalog/view/mfs-360-enterprise-leadership-report/,Yes,No,D,['D']
MFS 360 UCF Group Report,https://www.shl.com/products/product-catalog/view/mfs-360-ucf-group-report/,Yes,No,D,['D']
MFS 360 UCF Performance Potential Dev Tips Report,https://www.shl.com/products/product-catalog/view/mfs-360-ucf-performance-potential-dev-tips-report/,Yes,No,D,['D']
MFS 360 UCF Standard Report,https://www.shl.com/products/product-catalog/view/mfs-360-ucf-standard-report/,Yes,No,D,['D']
Micro Focus Unified Functional Testing (New),https://www.shl.com/products/product-catalog/view/micro-focus-unified-functional-testing-new/,Yes,No,Knowledge & Skills,['K']
Microservices (New),https://www.shl.com/products/product-catalog/view/microservices-new/,Yes,No,Knowledge & Skills,['K']
Microsoft Dynamics Development (New),https://www.shl.com/products/product-catalog/view/microsoft-dynamics-development-new/,Yes,No,Knowledge & Skills,['K']
Microsoft Excel 365 - Essentials (New),https://www.shl.com/products/product-catalog/view/microsoft-excel-365-essentials-new/,Yes,No,"Knowledge & Skills, Simulations","['K', 'S']"
Microsoft Excel 365 (New),https://www.shl.com/products/product-catalog/view/microsoft-excel-365-new/,Yes,No,"Knowledge & Skills, Simulations","['K', 'S']"
Microsoft Outlook 2013 (adaptive),https://www.shl.com/products/product-catalog/view/microsoft-outlook-2013-adaptive/,Yes,Yes,Knowledge & Skills,['K']
Microsoft PowerPoint 365 - Essentials (New),https://www.shl.com/products/product-catalog/view/microsoft-powerpoint-365-essentials-new/,Yes,No,"Knowledge & Skills, Simulations","['K', 'S']"
Microsoft SQL Server 2014 Programming,https://www.shl.com/products/product-catalog/view/microsoft-sql-server-2014-programming/,Yes,Yes,Knowledge & Skills,['K']
Microsoft Windows Server 2012 Administration,https://www.shl.com/products/product-catalog/view/microsoft-windows-server-2012-administration/,Yes,Yes,Knowledge & Skills,['K']
Microsoft Word 365 - Essentials (New),https://www.shl.com/products/product-catalog/view/microsoft-word-365-essentials-new/,Yes,No,"Knowledge & Skills, Simulations","['K', 'S']"
Microsoft Word 365 (New),https://www.shl.com/products/product-catalog/view/microsoft-word-365-new/,Yes,No,"Simulations, Knowledge & Skills","['S', 'K']"
Mineral Engineering (New),https://www.shl.com/products/product-catalog/view/mineral-engineering-new/,Yes,No,Knowledge & Skills,['K']
Mining Engineering (New),https://www.shl.com/products/product-catalog/view/mining-engineering-new/,Yes,No,Knowledge & Skills,['K']
Mobility (New),https://www.shl.com/products/product-catalog/view/mobility-new/,Yes,No,Knowledge & Skills,['K']
Molecular Biology (New),https://www.shl.com/products/product-catalog/view/molecular-biology-new/,Yes,No,Knowledge & Skills,['K']
MongoDB (New),https://www.shl.com/products/product-catalog/view/mongodb-new/,Yes,No,Knowledge & Skills,['K']
Motivation Questionnaire MQM5,https://www.shl.com/products/product-catalog/view/motivation-questionnaire-mqm5/,Yes,No,Personality & Behavior,['P']
MQ Candidate Motivation Report,https://www.shl.com/products/product-catalog/view/mq-candidate-motivation-report/,Yes,No,Personality & Behavior,['P']
MQ Employee Motivation Report,https://www.shl.com/products/product-catalog/view/mq-employee-motivation-report/,Yes,No,Personality & Behavior,['P']
MQ Motivation Report Pack,https://www.shl.com/products/product-catalog/view/mq-motivation-report-pack/,Yes,No,Personality & Behavior,['P']
MQ Profile,https://www.shl.com/products/product-catalog/view/mq-profile/,Yes,No,Personality & Behavior,['P']
MS Access (New),https://www.shl.com/products/product-catalog/view/ms-access-new/,Yes,No,Knowledge & Skills,['K']
MS Excel (New),https://www.shl.com/products/product-catalog/view/ms-excel-new/,Yes,No,Knowledge & Skills,['K']
MS Office Basic Computer Literacy (New),https://www.shl.com/products/product-catalog/view/ms-office-basic-computer-literacy-new/,Yes,No,Knowledge & Skills,['K']
MS Office Basic Computer Literacy (Sim) (New),https://www.shl.com/products/product-catalog/view/ms-office-basic-computer-literacy-sim-new/,Yes,No,Simulations,['S']
MS PowerPoint (New),https://www.shl.com/products/product-catalog/view/ms-powerpoint-new/,Yes,No,Knowledge & Skills,['K']
MS Word (New),https://www.shl.com/products/product-catalog/view/ms-word-new/,Yes,No,Knowledge & Skills,['K']
MuleSoft Development (New),https://www.shl.com/products/product-catalog/view/mulesoft-development-new/,Yes,No,Knowledge & Skills,['K']
Multitasking Ability,https://www.shl.com/products/product-catalog/view/multitasking-ability/,Yes,No,"Ability, Knowledge & Skills, Simulations","['A', 'K', 'S']"
Networking and Implementation (New),https://www.shl.com/products/product-catalog/view/networking-and-implementation-new/,Yes,No,Knowledge & Skills,['K']
Node.js (New),https://www.shl.com/products/product-catalog/view/node-js-new/,Yes,No,Knowledge & Skills,['K']
Nursing (New),https://www.shl.com/products/product-catalog/view/nursing-new/,Yes,No,Knowledge & Skills,['K']
Occupational Personality Questionnaire OPQ32r,https://www.shl.com/products/product-catalog/view/occupational-personality-questionnaire-opq32r/,Yes,No,Personality & Behavior,['P']
Operations Management (New),https://www.shl.com/products/product-catalog/view/operations-management-new/,Yes,No,Knowledge & Skills,['K']
OPQ Candidate Plus Report,https://www.shl.com/products/product-catalog/view/opq-candidate-plus-report/,Yes,No,Personality & Behavior,['P']
OPQ Candidate Report 2.0,https://www.shl.com/products/product-catalog/view/opq-candidate-report-2-0/,Yes,No,Personality & Behavior,['P']
OPQ Emotional Intelligence Report,https://www.shl.com/products/product-catalog/view/opq-emotional-intelligence-report/,Yes,No,Personality & Behavior,['P']
OPQ Leadership Report,https://www.shl.com/products/product-catalog/view/opq-leadership-report/,Yes,No,Personality & Behavior,['P']
OPQ Manager Plus Report,https://www.shl.com/products/product-catalog/view/opq-manager-plus-report/,Yes,No,Personality & Behavior,['P']
OPQ Manager Plus Report 2.0,https://www.shl.com/products/product-catalog/view/opq-manager-plus-report-2-0/,Yes,No,Personality & Behavior,['P']
OPQ Maximising your Learning Report,https://www.shl.com/products/product-catalog/view/opq-maximising-your-learning-report/,Yes,No,Personality & Behavior,['P']
OPQ MQ Sales Report,https://www.shl.com/products/product-catalog/view/opq-mq-sales-report/,Yes,No,Personality & Behavior,['P']
OPQ Premium Plus Report,https://www.shl.com/products/product-catalog/view/opq-premium-plus-report/,Yes,No,Personality & Behavior,['P']
OPQ Premium Plus Report 2.0,https://www.shl.com/products/product-catalog/view/opq-premium-plus-report-2-0/,Yes,No,Personality & Behavior,['P']
OPQ Profile Report,https://www.shl.com/products/product-catalog/view/opq-profile-report/,Yes,No,Personality & Behavior,['P']
OPQ Team Impact Group Development Report,https://www.shl.com/products/product-catalog/view/opq-team-impact-group-development-report/,Yes,No,Personality & Behavior,['P']
OPQ Team Impact Individual Development Report,https://www.shl.com/products/product-catalog/view/opq-team-impact-individual-development-report/,Yes,No,Personality & Behavior,['P']
OPQ Team Impact Selection Report,https://www.shl.com/products/product-catalog/view/opq-team-impact-selection-report/,Yes,No,Personality & Behavior,['P']
OPQ Team Types & Leadership Styles Profile,https://www.shl.com/products/product-catalog/view/opq-team-types-and-leadership-styles-profile/,Yes,No,Personality & Behavior,['P']
OPQ Team Types and Leadership Styles Report,https://www.shl.com/products/product-catalog/view/opq-team-types-and-leadership-styles-report/,Yes,No,Personality & Behavior,['P']
OPQ UCF Development Action Planner Report 1.0,https://www.shl.com/products/product-catalog/view/opq-ucf-development-action-planner-report/,Yes,No,Personality & Behavior,['P']
OPQ UCF Development Action Planner Report 2.0,https://www.shl.com/products/product-catalog/view/opq-ucf-development-action-planner-report-2-0/,Yes,No,Personality & Behavior,['P']
OPQ Universal Competency Report 1.0,https://www.shl.com/products/product-catalog/view/opq-universal-competency-report/,Yes,No,Personality & Behavior,['P']
OPQ Universal Competency Report 2.0,https://www.shl.com/products/product-catalog/view/opq-universal-competency-report-2-0/,Yes,No,Personality & Behavior,['P']
OPQ User and Managers Report,https://www.shl.com/products/product-catalog/view/opq-user-and-managers-report/,Yes,No,Personality & Behavior,['P']
OPQ User Report,https://www.shl.com/products/product-catalog/view/opq-user-report/,Yes,No,"Personality & Behavior, Simulations","['P', 'S']"
Oracle DBA (Advanced Level) (New),https://www.shl.com/products/product-catalog/view/oracle-dba-advanced-level-new/,Yes,No,Knowledge & Skills,['K']
Oracle DBA (Entry Level) (New),https://www.shl.com/products/product-catalog/view/oracle-dba-entry-level-new/,Yes,No,Knowledge & Skills,['K']
Oracle PL/SQL (New),https://www.shl.com/products/product-catalog/view/oracle-plsql-new/,Yes,No,Knowledge & Skills,['K']
Oracle WebLogic Server (New),https://www.shl.com/products/product-catalog/view/oracle-weblogic-server-new/,Yes,No,Knowledge & Skills,['K']
Organic Chemistry (New),https://www.shl.com/products/product-catalog/view/organic-chemistry-new/,Yes,No,Knowledge & Skills,['K']
Paint Technology (New),https://www.shl.com/products/product-catalog/view/paint-technology-new/,Yes,No,Knowledge & Skills,['K']
Pediatrics (New),https://www.shl.com/products/product-catalog/view/pediatrics-new/,Yes,No,Knowledge & Skills,['K']
Pega Development (New),https://www.shl.com/products/product-catalog/view/pega-development-new/,Yes,No,Knowledge & Skills,['K']
Perl (New),https://www.shl.com/products/product-catalog/view/perl-new/,Yes,No,Knowledge & Skills,['K']
Petrochemical Engineering (New),https://www.shl.com/products/product-catalog/view/petrochemical-engineering-new/,Yes,No,Knowledge & Skills,['K']
Petroleum Engineering (New),https://www.shl.com/products/product-catalog/view/petroleum-engineering-new/,Yes,No,Knowledge & Skills,['K']
Pharmaceutical Analysis (New),https://www.shl.com/products/product-catalog/view/pharmaceutical-analysis-new/,Yes,No,Knowledge & Skills,['K']
Pharmaceutical Chemistry (New),https://www.shl.com/products/product-catalog/view/pharmaceutical-chemistry-new/,Yes,No,Knowledge & Skills,['K']
Pharmaceutical Science (New),https://www.shl.com/products/product-catalog/view/pharmaceutical-science-new/,Yes,No,Knowledge & Skills,['K']
Pharmaceutics (New),https://www.shl.com/products/product-catalog/view/pharmaceutics-new/,Yes,No,Knowledge & Skills,['K']
Pharmacology (New),https://www.shl.com/products/product-catalog/view/pharmacology-new/,Yes,No,Knowledge & Skills,['K']
PHP (New),https://www.shl.com/products/product-catalog/view/php-new/,Yes,No,Knowledge & Skills,['K']
PJM Development Report,https://www.shl.com/products/product-catalog/view/pjm-development-report/,Yes,No,"C, Ability, Personality & Behavior","['C', 'A', 'P']"
PJM Selection Report,https://www.shl.com/products/product-catalog/view/pjm-selection-report/,Yes,No,"Ability, C, Personality & Behavior","['A', 'C', 'P']"
Polymer Engineering (New),https://www.shl.com/products/product-catalog/view/polymer-engineering-new/,Yes,No,Knowledge & Skills,['K']
Power Electronics and Drives (New),https://www.shl.com/products/product-catalog/view/power-electronics-and-drives-new/,Yes,No,Knowledge & Skills,['K']
Power System Engineering (New),https://www.shl.com/products/product-catalog/view/power-system-engineering-new/,Yes,No,Knowledge & Skills,['K']
Prism (New),https://www.shl.com/products/product-catalog/view/prism-new/,Yes,No,Knowledge & Skills,['K']
Production and Industrial Engineering (New),https://www.shl.com/products/product-catalog/view/production-and-industrial-engineering-new/,Yes,No,Knowledge & Skills,['K']
Production Engineering (New),https://www.shl.com/products/product-catalog/view/production-engineering-new/,Yes,No,Knowledge & Skills,['K']
Programming Concepts,https://www.shl.com/products/product-catalog/view/programming-concepts/,Yes,Yes,Knowledge & Skills,['K']
Project Management (2013),https://www.shl.com/products/product-catalog/view/project-management-2013/,Yes,Yes,Knowledge & Skills,['K']
Proofreading v1,https://www.shl.com/products/product-catalog/view/proofreading-v1/,Yes,No,Knowledge & Skills,['K']
Python (New),https://www.shl.com/products/product-catalog/view/python-new/,Yes,No,Knowledge & Skills,['K']
R Programming (New),https://www.shl.com/products/product-catalog/view/r-programming-new/,Yes,No,Knowledge & Skills,['K']
ReactJS (New),https://www.shl.com/products/product-catalog/view/reactjs-new/,Yes,No,Knowledge & Skills,['K']
Reading Comprehension - English v1,https://www.shl.com/products/product-catalog/view/reading-comprehension-english-v1/,Yes,Yes,Ability,['A']
Reading Comprehension - Spanish v1,https://www.shl.com/products/product-catalog/view/reading-comprehension-spanish-v1/,Yes,Yes,Ability,['A']
Reading Comprehension v2,https://www.shl.com/products/product-catalog/view/reading-comprehension-v2/,Yes,Yes,Ability,['A']
RemoteWorkQ,https://www.shl.com/products/product-catalog/view/remoteworkq/,Yes,No,C,['C']
RemoteWorkQ Manager Report,https://www.shl.com/products/product-catalog/view/remoteworkq-manager-report/,Yes,No,C,['C']
RemoteWorkQ Participant Report,https://www.shl.com/products/product-catalog/view/remoteworkq-participant-report/,Yes,No,C,['C']
RESTful Web Services (New),https://www.shl.com/products/product-catalog/view/restful-web-services-new/,Yes,No,Knowledge & Skills,['K']
Retail Sales and Service Simulation,https://www.shl.com/products/product-catalog/view/retail-sales-and-service-simulation/,Yes,No,"Behavior, Knowledge & Skills, Simulations, Ability","['B', 'K', 'S', 'A']"
Reviewing Forms - US (R1),https://www.shl.com/products/product-catalog/view/reviewing-forms-us-r1/,Yes,No,Knowledge & Skills,['K']
Ruby (New),https://www.shl.com/products/product-catalog/view/ruby-new/,Yes,No,Knowledge & Skills,['K']
Ruby on Rails (New),https://www.shl.com/products/product-catalog/view/ruby-on-rails-new/,Yes,No,Knowledge & Skills,['K']
Sales & Service Phone Simulation,https://www.shl.com/products/product-catalog/view/sales-and-service-phone-simulation/,Yes,No,"Simulations, Behavior","['S', 'B']"
Sales & Service Phone Solution,https://www.shl.com/products/product-catalog/view/sales-and-service-phone-solution/,Yes,No,"Behavior, Personality & Behavior, Simulations","['B', 'P', 'S']"
Sales Interview Guide,https://www.shl.com/products/product-catalog/view/sales-interview-guide/,Yes,No,"Personality & Behavior, Personality & Behavior","['P', 'P']"
Sales Profiler Cards,https://www.shl.com/products/product-catalog/view/sales-profiler-cards/,Yes,No,Personality & Behavior,['P']
Sales Transformation 1.0 - Individual Contributor,https://www.shl.com/products/product-catalog/view/sales-transformation-report-individual-contributor/,Yes,No,Personality & Behavior,['P']
Sales Transformation 2.0 - Individual Contributor,https://www.shl.com/products/product-catalog/view/salestransformationreport2-0-individualcontributor/,Yes,No,Personality & Behavior,['P']
Sales Transformation Report 1.0 - Sales Manager,https://www.shl.com/products/product-catalog/view/sales-transformation-report-sales-manager/,Yes,No,Personality & Behavior,['P']
Sales Transformation Report 2.0 - Sales Manager,https://www.shl.com/products/product-catalog/view/sales-transformation-report-2-0-sales-manager/,Yes,No,Personality & Behavior,['P']
Salesforce Development (New),https://www.shl.com/products/product-catalog/view/salesforce-development-new/,Yes,No,Knowledge & Skills,['K']
SAP ABAP (Advanced Level) (New),https://www.shl.com/products/product-catalog/view/sap-abap-advanced-level-new/,Yes,No,Knowledge & Skills,['K']
SAP ABAP (Intermediate Level) (New),https://www.shl.com/products/product-catalog/view/sap-abap-intermediate-level-new/,Yes,No,Knowledge & Skills,['K']
SAP Basis (New),https://www.shl.com/products/product-catalog/view/sap-basis-new/,Yes,No,Knowledge & Skills,['K']
SAP Business Objects WebI (New),https://www.shl.com/products/product-catalog/view/sap-business-objects-webi-new/,Yes,No,Knowledge & Skills,['K']
SAP BW (Business Warehouse) (New),https://www.shl.com/products/product-catalog/view/sap-bw-business-warehouse-new/,Yes,No,Knowledge & Skills,['K']
SAP HCM (Human Capital Management) (New),https://www.shl.com/products/product-catalog/view/sap-hcm-human-capital-management-new/,Yes,No,Knowledge & Skills,['K']
SAP Hybris (New),https://www.shl.com/products/product-catalog/view/sap-hybris-new/,Yes,No,Knowledge & Skills,['K']
SAP Materials Management (New),https://www.shl.com/products/product-catalog/view/sap-materials-management-new/,Yes,No,Knowledge & Skills,['K']
SAP SD (Sales and Distribution) (New),https://www.shl.com/products/product-catalog/view/sap-sd-sales-and-distribution-new/,Yes,No,Knowledge & Skills,['K']
Search Engine Optimization (New),https://www.shl.com/products/product-catalog/view/search-engine-optimization-new/,Yes,No,Knowledge & Skills,['K']
Selenium (New),https://www.shl.com/products/product-catalog/view/selenium-new/,Yes,No,Knowledge & Skills,['K']
Shell Scripting (New),https://www.shl.com/products/product-catalog/view/shell-scripting-new/,Yes,No,Knowledge & Skills,['K']
SHL Verify Interactive - Inductive Reasoning,https://www.shl.com/products/product-catalog/view/shl-verify-interactive-inductive-reasoning/,Yes,Yes,"Ability, Simulations","['A', 'S']"
SHL Verify Interactive – Deductive Reasoning,https://www.shl.com/products/product-catalog/view/shl-verify-interactive-deductive-reasoning/,Yes,Yes,"Ability, Simulations","['A', 'S']"
SHL Verify Interactive – Numerical Reasoning,https://www.shl.com/products/product-catalog/view/shl-verify-interactive-numerical-reasoning/,Yes,Yes,"Ability, Simulations","['A', 'S']"
SHL Verify Interactive G+,https://www.shl.com/products/product-catalog/view/shl-verify-interactive-g/,Yes,Yes,Ability,['A']
SHL Verify Interactive Numerical Calculation,https://www.shl.com/products/product-catalog/view/shl-verify-interactive-numerical-calculation/,Yes,Yes,Ability,['A']
Siebel Development (New),https://www.shl.com/products/product-catalog/view/siebel-development-new/,Yes,No,Knowledge & Skills,['K']
Smart Interview Live,https://www.shl.com/products/product-catalog/view/smart-interview-live/,Yes,No,Personality & Behavior,['P']
Smart Interview Live Coding,https://www.shl.com/products/product-catalog/view/smart-interview-live-coding/,Yes,No,Knowledge & Skills,['K']
Smart Interview On Demand,https://www.shl.com/products/product-catalog/view/smart-interview-on-demand/,Yes,No,Personality & Behavior,['P']
Social Media (New),https://www.shl.com/products/product-catalog/view/social-media-new/,Yes,No,Knowledge & Skills,['K']
Software Business Analysis,https://www.shl.com/products/product-catalog/view/software-business-analysis/,Yes,Yes,Knowledge & Skills,['K']
SonarQube (New),https://www.shl.com/products/product-catalog/view/sonarqube-new/,Yes,No,Knowledge & Skills,['K']
Spelling (U.S.) (New),https://www.shl.com/products/product-catalog/view/spelling-u-s-new/,Yes,No,Knowledge & Skills,['K']
Split Screen Typing Test - Form 1,https://www.shl.com/products/product-catalog/view/split-screen-typing-test-form-1/,Yes,No,"Ability, Knowledge & Skills","['A', 'K']"
Spring (New),https://www.shl.com/products/product-catalog/view/spring-new/,Yes,No,Knowledge & Skills,['K']
SQL (New),https://www.shl.com/products/product-catalog/view/sql-new/,Yes,No,Knowledge & Skills,['K']
SQL Server (New),https://www.shl.com/products/product-catalog/view/sql-server-new/,Yes,No,Knowledge & Skills,['K']
SQL Server Analysis Services (SSAS) (New),https://www.shl.com/products/product-catalog/view/sql-server-analysis-services-%28ssas%29-%28new%29/,Yes,No,Knowledge & Skills,['K']
SQL Server Integration Services (SSIS) (New),https://www.shl.com/products/product-catalog/view/sql-server-integration-services-ssis-new/,Yes,No,Knowledge & Skills,['K']
SQL Server Reporting Services (SSRS) (New),https://www.shl.com/products/product-catalog/view/sql-server-reporting-services-ssrs-new/,Yes,No,Knowledge & Skills,['K']
Statistical Analysis System (New),https://www.shl.com/products/product-catalog/view/statistical-analysis-system-new/,Yes,No,Knowledge & Skills,['K']
Struts (New),https://www.shl.com/products/product-catalog/view/struts-new/,Yes,No,Knowledge & Skills,['K']
SVAR - Spoken English (AUS),https://www.shl.com/products/product-catalog/view/svar-spoken-english-aus/,Yes,No,Simulations,['S']
SVAR - Spoken English (Indian Accent)  (New),https://www.shl.com/products/product-catalog/view/svar-spoken-english-indian-accent-new/,Yes,No,Simulations,['S']
SVAR - Spoken English (U.K.),https://www.shl.com/products/product-catalog/view/svar-spoken-english-u-k/,Yes,No,Simulations,['S']
SVAR - Spoken English (US)  (New),https://www.shl.com/products/product-catalog/view/svar-spoken-english-us-new/,Yes,No,Simulations,['S']
SVAR - Spoken French (Canadian) (New),https://www.shl.com/products/product-catalog/view/svar-spoken-french-canadian-new/,Yes,No,Simulations,['S']
SVAR - Spoken French (European) (New),https://www.shl.com/products/product-catalog/view/svar-spoken-french-european-new/,Yes,No,Simulations,['S']
SVAR - Spoken Spanish (Castilian) (New),https://www.shl.com/products/product-catalog/view/svar-spoken-spanish-castilian-new/,Yes,No,Simulations,['S']
SVAR - Spoken Spanish (North American) (New),https://www.shl.com/products/product-catalog/view/svar-spoken-spanish-north-american-new/,Yes,No,Simulations,['S']
Swing (New),https://www.shl.com/products/product-catalog/view/swing-new/,Yes,No,Knowledge & Skills,['K']
Tableau (New),https://www.shl.com/products/product-catalog/view/tableau-new/,Yes,No,Knowledge & Skills,['K']
Telecommunications Engineering (New),https://www.shl.com/products/product-catalog/view/telecommunications-engineering-new/,Yes,No,Knowledge & Skills,['K']
Teradata Development (New),https://www.shl.com/products/product-catalog/view/teradata-development-new/,Yes,No,Knowledge & Skills,['K']
Time Management (U.S.),https://www.shl.com/products/product-catalog/view/time-management-u-s/,Yes,Yes,Knowledge & Skills,['K']
Training Development,https://www.shl.com/products/product-catalog/view/training-development/,Yes,Yes,Knowledge & Skills,['K']
Typing (New),https://www.shl.com/products/product-catalog/view/typing-new/,Yes,No,Simulations,['S']
UiPath RPA Development (New),https://www.shl.com/products/product-catalog/view/uipath-rpa-development-new/,Yes,No,Knowledge & Skills,['K']
Universal Competency Framework Interview Guide,https://www.shl.com/products/product-catalog/view/universal-competency-framework-interview-guide/,Yes,No,"C, Personality & Behavior","['C', 'P']"
Universal Competency Framework Job profiling guide,https://www.shl.com/products/product-catalog/view/universal-competency-framework-job-profiling-guide/,Yes,No,"C, Personality & Behavior","['C', 'P']"
Universal Competency Framework Profiler Cards (44),https://www.shl.com/products/product-catalog/view/universal-competency-framework-profiler-cards-44/,Yes,No,"C, Personality & Behavior","['C', 'P']"
UNIX (New),https://www.shl.com/products/product-catalog/view/unix-new/,Yes,No,Knowledge & Skills,['K']
VB.NET (New),https://www.shl.com/products/product-catalog/view/vb-net-new/,Yes,No,Knowledge & Skills,['K']
Verify - Deductive Reasoning,https://www.shl.com/products/product-catalog/view/verify-deductive-reasoning/,Yes,Yes,Ability,['A']
Verify - Following Instructions,https://www.shl.com/products/product-catalog/view/verify-following-instructions/,Yes,No,Ability,['A']
Verify - G+,https://www.shl.com/products/product-catalog/view/verify-g/,Yes,Yes,Ability,['A']
Verify - General Ability Screen,https://www.shl.com/products/product-catalog/view/verify-general-ability-screen/,Yes,Yes,Ability,['A']
Verify - Inductive Reasoning (2014),https://www.shl.com/products/product-catalog/view/verify-inductive-reasoning-2014/,Yes,Yes,Ability,['A']
Verify - Numerical Ability,https://www.shl.com/products/product-catalog/view/verify-numerical-ability/,Yes,Yes,Ability,['A']
Verify - Technical Checking - Next Generation,https://www.shl.com/products/product-catalog/view/verify-technical-checking-next-generation/,Yes,No,Ability,['A']
Verify - Verbal Ability - Next Generation,https://www.shl.com/products/product-catalog/view/verify-verbal-ability-next-generation/,Yes,Yes,Ability,['A']
Verify - Working with Information,https://www.shl.com/products/product-catalog/view/verify-working-with-information/,Yes,No,Ability,['A']
Verify G+ - Ability Test Report,https://www.shl.com/products/product-catalog/view/verify-g-ability-test-report/,Yes,No,Ability,['A']
Verify G+ - Candidate Report,https://www.shl.com/products/product-catalog/view/verify-g-candidate-report/,Yes,No,Ability,['A']
Verify Interactive Ability Report,https://www.shl.com/products/product-catalog/view/verify-interactive-ability-report/,Yes,No,Ability,['A']
Verify Interactive G+ Candidate Report,https://www.shl.com/products/product-catalog/view/verify-interactive-g-candidate-report/,Yes,No,Ability,['A']
Verify Interactive G+ Report,https://www.shl.com/products/product-catalog/view/verify-interactive-g-report/,Yes,No,Ability,['A']
Verify Interactive Process Monitoring,https://www.shl.com/products/product-catalog/view/verify-interactive-process-monitoring/,Yes,No,Ability,['A']
Virtual Assessment and Development Centers,https://www.shl.com/products/product-catalog/view/virtual-assessment-and-development-centers/,Yes,No,Personality & Behavior,['P']
Visual Basic for Applications (New),https://www.shl.com/products/product-catalog/view/visual-basic-for-applications-new/,Yes,No,Knowledge & Skills,['K']
Visual Comparison - UK,https://www.shl.com/products/product-catalog/view/visual-comparison-uk/,Yes,No,Knowledge & Skills,['K']
Visual Comparison - US,https://www.shl.com/products/product-catalog/view/visual-comparison-us/,Yes,No,Knowledge & Skills,['K']
VLSI and Embedded Systems (New),https://www.shl.com/products/product-catalog/view/vlsi-and-embedded-systems-new/,Yes,No,Knowledge & Skills,['K']
What Is The Value - US,https://www.shl.com/products/product-catalog/view/what-is-the-value-us/,Yes,Yes,Knowledge & Skills,['K']
Workplace Administration Skills (New),https://www.shl.com/products/product-catalog/view/workplace-administration-skills-new/,Yes,No,Knowledge & Skills,['K']
Workplace Health and Safety (New),https://www.shl.com/products/product-catalog/view/workplace-health-and-safety-new/,Yes,No,Knowledge & Skills,['K']
WriteX - Email Writing (Customer Service) (New),https://www.shl.com/products/product-catalog/view/writex-email-writing-customer-service-new/,Yes,No,Simulations,['S']
WriteX - Email Writing (Managerial) (New),https://www.shl.com/products/product-catalog/view/writex-email-writing-managerial-new/,Yes,No,Simulations,['S']
WriteX - Email Writing (Sales) (New),https://www.shl.com/products/product-catalog/view/writex-email-writing-sales-new/,Yes,No,"Behavior, Simulations","['B', 'S']"
Written English v1,https://www.shl.com/products/product-catalog/view/written-english-v1/,Yes,Yes,Knowledge & Skills,['K']
Written Spanish,https://www.shl.com/products/product-catalog/view/written-spanish/,Yes,Yes,Knowledge & Skills,['K']
Zabbix (New),https://www.shl.com/products/product-catalog/view/zabbix-new/,Yes,No,Knowledge & Skills,['K']
360 Digital Report,https://www.shl.com/products/product-catalog/view/360-digital-report/,Yes,No,D,['D']
360° Multi-Rater Feedback System (MFS),https://www.shl.com/products/product-catalog/view/360-multi-rater-feedback-system-mfs/,Yes,No,"D, Personality & Behavior","['D', 'P']"
